Model,Silhouette Score
KMeans,0.10337433679918315
Hierarchical Clustering,0.08106525161330176
DBSCAN,-1.0
Gaussian Mixture Models,0.04528620149263009
Spectral Clustering,0.14514099625084606
