Model,Silhouette Score,Davies-Bouldin Score,Calinski-Harabasz Score,Number of Clusters,Cluster Sizes
KMeans,0.11275810865829174,2.536910724854884,1622.4006504948434,3,[ 1775  5409 10502]
Hierarchical,0.08985277343253865,2.744096778854445,1328.4445593907494,3,[11768  1775  4143]
DBSCAN,-1.0,-1.0,-1.0,0,[]
GaussianMixture,0.12385367462240801,2.472899767906966,761.4008739768408,3,[  694  1081 15911]
Spectral,0.12545426151190373,1.7761745505021693,662.6126759038741,3,[15911  1773     2]
