Model,Accuracy,Precision,Recall,F1 Score,min_samples_split,min_samples_leaf,max_depth,n_estimators,learning_rate,weights,n_neighbors,algorithm,subsample,solver,penalty,C
Logistic Regression,0.20096099491237987,0.20060262120160244,0.20096099491237987,0.19106434459638338,,,,,,,,,,liblinear,l2,10
Decision Tree,0.20689655172413793,0.2062561826725156,0.20689655172413793,0.2059861660643243,2,2,,,,,,,,,,
Random Forest,0.19728660260033917,0.1974008711288707,0.19728660260033917,0.19697521204098065,5,,,50,,,,,,,,
Gradient Boosting,0.19474279253815716,0.19502680551241838,0.19474279253815716,0.19259298976213662,,,10,100,0.1,,,,,,,
KNeighbors Classifier,0.19728660260033917,0.19683019726274253,0.19728660260033917,0.196986834113411,,,,,,distance,10,ball_tree,,,,
XGBoost,0.20096099491237987,0.20154733083345297,0.20096099491237987,0.200805251835216,,,10,100,0.1,,,,0.8,,,
