Model,Silhouette Score,Davies-Bouldin Score,Calinski-Harabasz Score
KMeans,0.07421786875647939,2.835982962221696,1207.5153150184553
Gaussian Mixture,0.05213826897835271,3.6878387259183456,1043.1105191979132
DBSCAN,,,
Agglomerative Clustering,0.05879346572455319,2.9688989115152387,905.1199775056592
Spectral Clustering,0.10207186394873717,1.7248895725823612,328.336908354497
Mean Shift,,,
OPTICS,-0.3330798463109836,1.683461068116112,4.076680907520013
