Model,Accuracy,Precision,Recall,F1 Score
Logistic Regression,0.20802504268639727,0.20821562586839357,0.20802504268639727,0.20711825648640553
Random Forest,0.1997723392145703,0.19979316591469193,0.1997723392145703,0.19959422374220542
Gradient Boosting,0.2068867387592487,0.20689690243416992,0.2068867387592487,0.20615582765862894
XGBoost,0.20005691519635743,0.19995857697055708,0.20005691519635743,0.19981022782010918
LightGBM,0.1983494593056346,0.19809222728830633,0.1983494593056346,0.19808610622442874
CatBoost,0.20119521912350596,0.2009895405416109,0.20119521912350596,0.20098397046651326
